51,43,1244609.25,0.0
58,34,303196.0,465743.25
66,22,303196.0,465743.25
58,38,378730.5,865878.75
66,40,378730.5,865878.75
54,49,1128145.25,1244609.25
58,41,277312.25,1616932.5
66,46,277312.25,1616932.5
58,34,386352.5,1986402.0
66,30,386352.5,1986402.0
49,55,1177308.5,2372754.5
56,23,284787.25,2801266.75
63,25,284787.25,2801266.75
56,36,370560.5,3179502.5
63,42,370560.5,3179502.5
53,57,1112796.5,3550063.0
56,36,276073.5,3918161.0
63,40,276073.5,3918161.0
56,22,376600.5,4286259.0
63,33,376600.5,4286259.0
48,54,1155141.0,4662859.5
56,18,284787.25,5069204.25
63,15,284787.25,5069204.25
56,27,370560.5,5447440.0
63,32,370560.5,5447440.0
51,58,1112796.5,5818000.5
56,37,276073.5,6186098.5
63,41,276073.5,6186098.5
56,36,376600.5,6554196.5
63,40,376600.5,6554196.5
47,52,1155141.0,6930797.0
56,17,284787.25,7337141.75
59,16,284787.25,7337141.75
56,35,370560.5,7715377.5
59,31,370560.5,7715377.5
53,55,1112796.5,8085938.0
56,41,276073.5,8454036.0
59,38,276073.5,8454036.0
56,34,376600.5,8822134.0
59,28,376600.5,8822134.0
46,54,1155141.0,9198734.5
54,25,284787.25,9605079.25
58,24,284787.25,9605079.25
54,24,370560.5,9983315.0
58,33,370560.5,9983315.0
51,45,1104294.0,10353875.5
54,30,276073.5,10721973.5
58,17,276073.5,10721973.5
54,22,368098.0,11090071.5
58,23,368098.0,11090071.5
46,48,1117378.25,11458169.5
56,19,278389.0,11827290.0
58,30,278389.0,11827290.0
56,27,376661.75,12198886.0
58,30,376661.75,12198886.0
50,48,1244019.0,12575547.75
56,16,306370.75,12964724.0
58,13,306370.75,12964724.0
56,14,442843.25,13376723.5
58,11,442843.25,13376723.5
51,54,1189770.25,13819566.75
58,34,291913.0,14248411.5
66,19,291913.0,14248411.5
58,39,373885.5,14635451.5
66,38,373885.5,14635451.5
71,52,185736.25,14823600.75
70,64,920245.0,15009337.0
54,40,1112796.5,15009337.0
58,38,276073.5,15377435.0
66,31,276073.5,15377435.0
58,37,376600.5,15745533.0
66,38,376600.5,15745533.0
66,55,192551.5,15929582.0
65,62,2267937.5,16122133.5
49,38,1155141.0,16122133.5
56,27,284787.25,16528478.25
63,32,284787.25,16528478.25
56,40,370560.5,16906714.0
63,30,370560.5,16906714.0
53,48,1112796.5,17277274.5
56,26,276073.5,17645372.5
63,24,276073.5,17645372.5
56,25,376600.5,18013470.5
63,29,376600.5,18013470.5
48,42,1155141.0,18390071.0
56,18,284787.25,18796415.75
63,27,284787.25,18796415.75
56,25,370560.5,19174651.5
63,32,370560.5,19174651.5
75,67,184747.5,19360464.5
68,61,920245.0,19545212.0
51,50,1112796.5,19545212.0
56,33,276073.5,19913310.0
63,36,276073.5,19913310.0
56,19,280324.75,20281408.0
63,30,280324.75,20281408.0
70,56,192551.5,20465457.0
63,58,2075386.0,20658008.5
47,35,1155141.0,20658008.5
56,23,284787.25,21064353.25
59,28,284787.25,21064353.25
56,36,370560.5,21442589.0
59,36,370560.5,21442589.0
53,48,1112796.5,21813149.5
56,36,276073.5,22181247.5
59,31,276073.5,22181247.5
56,25,376600.5,22549345.5
59,19,376600.5,22549345.5
65,45,192551.5,22733394.5
66,68,2103213.5,22925946.0
46,37,1155141.0,22925946.0
54,23,284787.25,23332290.75
58,28,284787.25,23332290.75
54,24,370560.5,23710526.5
58,27,370560.5,23710526.5
51,52,1145694.0,24081087.0
54,31,283306.75,24451410.25
58,25,283306.75,24451410.25
54,28,395060.0,24831721.0
58,20,395060.0,24831721.0
71,50,197621.5,25029159.5
70,69,2442284.25,25226781.0
46,42,1194569.0,25226781.0
56,21,297787.5,25622613.25
58,24,297787.5,25622613.25
56,20,401369.25,26019980.75
58,27,401369.25,26019980.75
50,44,1247715.25,26421350.0
56,14,314464.5,26830903.5
58,10,314464.5,26830903.5
56,13,417345.0,27251720.25
58,6,417345.0,27251720.25
51,42,1128522.75,27669065.25
58,24,276073.5,28061392.0
66,20,276073.5,28061392.0
58,36,368098.0,28429490.0
66,32,368098.0,28429490.0
71,44,184049.0,28613539.0
70,55,184049.0,28797588.0
54,35,1116904.0,28797588.0
71,59,184049.0,28981637.0
70,69,557212.5,29165686.0
58,36,276930.25,29165686.0
66,34,276930.25,29165686.0
58,43,378994.5,29535497.5
66,40,378994.5,29535497.5
66,42,191593.5,29722898.5
65,55,196091.25,29914492.0
49,34,1124822.75,29914492.0
66,46,190070.5,30110583.25
65,59,1846969.5,30300653.75
56,27,279184.0,30300653.75
63,30,279184.0,30300653.75
56,29,367223.75,30672091.0
63,36,367223.75,30672091.0
53,52,1108308.5,31039314.75
56,27,274390.5,31405168.75
63,27,274390.5,31405168.75
56,21,376600.5,31771022.75
63,24,376600.5,31771022.75
48,48,1155141.0,32147623.25
56,23,284787.25,32553968.0
63,27,284787.25,32553968.0
56,31,370560.5,32932203.75
63,41,370560.5,32932203.75
75,58,184747.5,33118016.75
68,55,184049.0,33302764.25
51,41,1104294.0,33302764.25
75,69,184049.0,33486813.25
68,65,552147.0,33670862.25
56,32,276073.5,33670862.25
63,35,276073.5,33670862.25
56,34,276073.5,34038960.25
63,37,276073.5,34038960.25
70,54,184049.0,34223009.25
63,42,184130.75,34407058.25
47,34,1114579.0,34407058.25
70,44,184361.5,34591189.0
63,47,1718084.5,34775550.5
56,26,277228.25,34775550.5
59,21,277228.25,34775550.5
56,17,376045.5,35145591.75
59,19,376045.5,35145591.75
53,38,1171997.75,35521637.25
56,15,291562.0,35906065.25
59,11,291562.0,35906065.25
56,5,397957.5,36295677.5
59,12,397957.5,36295677.5
65,32,200000.0,36493635.0
66,40,189873.5,36693635.0
46,37,1139241.0,36693635.0
68,54,189873.5,36883508.5
66,56,1720781.0,37073382.0
54,29,284810.25,37073382.0
58,23,284810.25,37073382.0
54,29,379747.0,37453129.0
58,29,379747.0,37453129.0
51,50,1159157.0,37832876.0
54,39,288007.75,38213826.25
58,34,288007.75,38213826.25
54,34,393347.0,38598686.0
58,38,393347.0,38598686.0
68,54,197870.0,38794163.0
69,64,1213079.75,38992033.0
46,47,1213079.75,38992033.0
56,25,302413.75,39391357.5
58,17,302413.75,39391357.5
56,22,409902.25,39795210.5
58,18,409902.25,39795210.5
70,64,1182585.0,40205112.75
50,36,1182585.0,40205112.75
56,15,322897.75,40624531.5
58,13,322897.75,40624531.5
56,11,330882.0,41056815.75
58,13,330882.0,41056815.75
82,34,193052.5,41497991.75
51,41,1096009.5,41497991.75
70,34,186080.25,41691044.25
82,37,182064.0,41877124.5
58,28,272094.0,41877124.5
66,18,272094.0,41877124.5
70,40,179598.5,42059188.5
82,59,178116.0,42238787.0
58,33,355214.25,42238787.0
66,36,355214.25,42238787.0
70,56,177098.25,42416903.0
82,60,176290.0,42594001.25
54,54,1056073.75,42594001.25
70,49,175578.0,42770291.25
82,55,174908.75,42945869.25
58,41,262118.0,42945869.25
66,34,262118.0,42945869.25
70,58,174858.75,43120778.0
82,54,176101.75,43295636.75
58,43,354438.25,43295636.75
66,34,354438.25,43295636.75
70,51,178336.5,43471738.5
82,52,181217.75,43650075.0
51,57,1070115.25,43650075.0
70,42,179736.5,43831292.75
82,57,178615.75,44011029.25
58,40,267536.5,44011029.25
66,40,267536.5,44011029.25
70,52,177610.5,44189645.0
83,69,176786.5,44367255.5
58,41,352934.75,44367255.5
66,42,352934.75,44367255.5
71,53,176148.25,44544042.0
82,61,175631.25,44720190.25
54,52,1056486.0,44720190.25
70,52,175172.75,44895821.5
82,60,174738.5,45070994.25
58,41,261947.75,45070994.25
66,36,261947.75,45070994.25
70,64,174813.0,45245732.75
78,49,176137.75,45420545.75
58,48,356130.5,45420545.75
66,43,356130.5,45420545.75
66,41,179992.75,45596683.5
77,39,186049.5,45776676.25
49,41,1094668.25,45776676.25
65,38,185265.75,45962725.75
77,59,184295.0,46147991.5
56,29,275839.0,46147991.5
63,29,275839.0,46147991.5
65,52,182509.75,46332286.5
77,61,179811.0,46514796.25
56,38,356548.25,46514796.25
63,39,356548.25,46514796.25
65,49,176737.25,46694607.25
77,60,174418.5,46871344.5
53,59,1046511.0,46871344.5
65,48,174418.5,47045763.0
77,59,174418.5,47220181.5
56,31,261627.75,47220181.5
63,34,261627.75,47220181.5
65,49,174418.5,47394600.0
77,58,174418.5,47569018.5
56,36,348837.0,47569018.5
63,41,348837.0,47569018.5
65,53,174418.5,47743437.0
77,57,174418.5,47917855.5
49,58,1046511.0,47917855.5
65,45,174418.5,48092274.0
77,60,174418.5,48266692.5
56,41,261627.75,48266692.5
63,35,261627.75,48266692.5
65,51,174418.5,48441111.0
77,65,174418.5,48615529.5
56,41,348837.0,48615529.5
63,40,348837.0,48615529.5
65,47,174418.5,48789948.0
87,57,174418.5,48964366.5
53,48,1062430.25,48964366.5
75,55,174418.5,49138785.0
87,62,174418.5,49313203.5
56,35,261627.75,49313203.5
63,37,261627.75,49313203.5
75,55,175333.0,49487622.0
87,53,178447.0,49662955.0
56,40,363841.75,49662955.0
63,41,363841.75,49662955.0
75,42,185394.75,49841402.0
80,39,188282.75,50026796.75
48,51,1066984.75,50026796.75
68,43,179193.5,50215079.5
80,66,176253.0,50394273.0
56,29,263462.25,50394273.0
63,29,263462.25,50394273.0
68,55,174418.5,50570526.0
80,59,174418.5,50744944.5
56,28,348837.0,50744944.5
63,43,348837.0,50744944.5
68,59,174418.5,50919363.0
80,68,174418.5,51093781.5
51,59,1062430.25,51093781.5
68,54,174418.5,51268200.0
80,64,174418.5,51442618.5
56,41,261627.75,51442618.5
63,37,261627.75,51442618.5
68,67,175333.0,51617037.0
80,65,178447.0,51792370.0
56,32,363841.75,51792370.0
63,36,363841.75,51792370.0
68,56,185394.75,51970817.0
80,55,188282.75,52156211.75
48,52,1066984.75,52156211.75
68,47,179193.5,52344494.5
80,52,176253.0,52523688.0
56,34,263462.25,52523688.0
63,39,263462.25,52523688.0
68,46,174418.5,52699941.0
80,34,174418.5,52874359.5
56,21,348837.0,52874359.5
63,23,348837.0,52874359.5
68,42,174418.5,53048778.0
82,50,174418.5,53223196.5
51,54,1057730.0,53223196.5
70,59,174418.5,53397615.0
82,69,174418.5,53572033.5
56,42,261627.75,53572033.5
63,29,261627.75,53572033.5
70,59,175106.0,53746452.0
82,64,177340.75,53921558.0
56,42,359368.5,53921558.0
63,43,359368.5,53921558.0
70,55,182027.75,54098898.75
75,52,185544.25,54280926.5
47,51,1068574.75,54280926.5
63,47,180925.0,54466470.75
75,55,178049.5,54647395.75
56,29,266296.0,54647395.75
59,18,266296.0,54647395.75
63,56,176087.5,54825445.25
75,64,174627.25,55001532.75
56,33,347968.5,55001532.75
59,36,347968.5,55001532.75
63,53,173341.25,55176160.0
75,72,172621.75,55349501.25
53,54,1041473.75,55349501.25
63,53,173136.75,55522123.0
75,61,173522.5,55695259.75
56,33,260408.25,55695259.75
59,35,260408.25,55695259.75
63,57,173839.5,55868782.25
75,61,174077.25,56042621.75
56,40,348353.25,56042621.75
59,33,348353.25,56042621.75
63,58,174276.0,56216699.0
75,62,174418.5,56390975.0
47,59,1046511.0,56390975.0
63,54,174418.5,56565393.5
75,67,174418.5,56739812.0
56,34,261627.75,56739812.0
59,23,261627.75,56739812.0
63,60,174418.5,56914230.5
75,70,174418.5,57088649.0
56,35,348837.0,57088649.0
59,38,348837.0,57088649.0
63,59,174418.5,57263067.5
77,58,174418.5,57437486.0
53,53,1062430.25,57437486.0
65,57,174418.5,57611904.5
77,72,174418.5,57786323.0
56,39,261627.75,57786323.0
59,34,261627.75,57786323.0
65,67,175333.0,57960741.5
77,65,178447.0,58136074.5
56,46,363841.75,58136074.5
59,44,363841.75,58136074.5
65,61,185394.75,58314521.5
78,64,188282.75,58499916.25
46,48,1063960.75,58499916.25
66,54,179193.5,58688199.0
78,48,176253.0,58867392.5
54,29,262958.25,58867392.5
58,33,262958.25,58867392.5
66,44,173410.5,59043645.5
78,57,173410.5,59217056.0
54,38,346821.0,59217056.0
58,38,346821.0,59217056.0
66,45,173410.5,59390466.5
78,58,173410.5,59563877.0
51,61,1040463.0,59563877.0
66,41,173410.5,59737287.5
78,54,173410.5,59910698.0
54,32,260115.75,59910698.0
58,29,260115.75,59910698.0
66,56,173410.5,60084108.5
78,58,173410.5,60257519.0
54,33,346821.0,60257519.0
58,31,346821.0,60257519.0
66,51,173410.5,60430929.5
78,57,173410.5,60604340.0
46,57,1040463.0,60604340.0
66,46,173410.5,60777750.5
78,47,173410.5,60951161.0
54,29,260115.75,60951161.0
58,31,260115.75,60951161.0
66,37,173410.5,61124571.5
78,39,173410.5,61297982.0
54,25,346821.0,61297982.0
58,29,346821.0,61297982.0
66,32,173410.5,61471392.5
83,27,173410.5,61644803.0
51,48,1059406.25,61644803.0
71,48,173410.5,61818213.5
83,65,173410.5,61991624.0
54,35,260619.75,61991624.0
58,36,260619.75,61991624.0
71,64,175333.0,62165034.5
83,68,178447.0,62340367.5
54,46,363841.75,62340367.5
58,39,363841.75,62340367.5
71,67,185394.75,62518814.5
82,59,188282.75,62704209.25
46,60,1066984.75,62704209.25
70,41,179193.5,62892492.0
82,43,176253.0,63071685.5
56,27,263462.25,63071685.5
58,17,263462.25,63071685.5
70,39,174418.5,63247938.5
82,60,174418.5,63422357.0
56,25,348837.0,63422357.0
58,31,348837.0,63422357.0
70,49,174418.5,63596775.5
82,66,174418.5,63771194.0
50,52,1046511.0,63771194.0
70,43,174418.5,63945612.5
82,60,174418.5,64120031.0
56,35,261627.75,64120031.0
58,34,261627.75,64120031.0
70,57,174418.5,64294449.5
82,64,174418.5,64468868.0
56,35,348837.0,64468868.0
58,39,348837.0,64468868.0
70,47,174418.5,64643286.5
82,55,175264.0,64817705.0
46,64,1078953.0,64817705.0
70,43,177393.75,64992969.0
82,43,179112.0,65170362.75
56,30,269302.0,65170362.75
58,21,269302.0,65170362.75
70,40,180791.0,65349474.75
82,39,182403.75,65530265.75
56,23,366392.25,65530265.75
58,27,366392.25,65530265.75
70,42,183988.5,65712669.5
82,48,186066.0,65896658.0
50,45,1296246.75,65896658.0
70,24,188342.0,66082724.0
82,37,190454.5,66271066.0
56,23,286703.75,66271066.0
58,23,286703.75,66271066.0
70,31,193473.0,66461520.5
82,22,199197.25,66654993.5
56,22,537911.25,66654993.5
58,20,537911.25,66654993.5
70,25,338714.0,66854190.75
94,39,192935.5,67192904.75
51,44,1074651.75,67192904.75
82,29,181455.25,67385840.25
94,34,177005.5,67567295.5
58,23,351424.0,67567295.5
82,27,174418.5,67744301.0
94,43,174418.5,67918719.5
66,24,348837.0,67918719.5
82,34,174418.5,68093138.0
94,47,174418.5,68267556.5
54,55,1062430.25,68267556.5
82,28,174418.5,68441975.0
94,35,174418.5,68616393.5
58,33,349751.5,68616393.5
82,34,175333.0,68790812.0
94,55,178447.0,68966145.0
66,35,363841.75,68966145.0
82,42,185394.75,69144592.0
94,46,188282.75,69329986.75
51,54,1066984.75,69329986.75
82,34,179193.5,69518269.5
94,41,176253.0,69697463.0
58,35,350671.5,69697463.0
82,34,174418.5,69873716.0
95,57,174418.5,70048134.5
66,45,348837.0,70048134.5
83,47,174418.5,70222553.0
94,68,174418.5,70396971.5
54,51,1062430.25,70396971.5
82,47,174418.5,70571390.0
94,63,174418.5,70745808.5
58,37,349751.5,70745808.5
82,50,175333.0,70920227.0
90,46,178447.0,71095560.0
66,42,363841.75,71095560.0
78,52,185394.75,71274007.0
89,51,188282.75,71459401.75
49,47,1066984.75,71459401.75
77,39,179193.5,71647684.5
89,40,176253.0,71826878.0
56,34,350671.5,71826878.0
77,34,174418.5,72003131.0
89,43,174418.5,72177549.5
63,44,348837.0,72177549.5
77,48,174418.5,72351968.0
89,50,174418.5,72526386.5
53,54,1046511.0,72526386.5
77,54,174418.5,72700805.0
89,45,174418.5,72875223.5
56,33,348837.0,72875223.5
77,50,174418.5,73049642.0
89,41,174418.5,73224060.5
63,38,348837.0,73224060.5
77,45,174418.5,73398479.0
89,50,174418.5,73572897.5
49,63,1046511.0,73572897.5
77,41,174418.5,73747316.0
89,49,174418.5,73921734.5
56,38,348837.0,73921734.5
77,59,174418.5,74096153.0
89,55,174418.5,74270571.5
63,55,348837.0,74270571.5
77,47,174418.5,74444990.0
99,48,174418.5,74619408.5
53,50,1062430.25,74619408.5
87,47,174418.5,74793827.0
99,54,174418.5,74968245.5
56,42,349751.5,74968245.5
87,47,175333.0,75142664.0
99,48,178447.0,75317997.0
63,42,363841.75,75317997.0
87,38,185394.75,75496444.0
92,36,188282.75,75681838.75
48,48,1066984.75,75681838.75
80,52,179193.5,75870121.5
92,38,176253.0,76049315.0
56,34,350671.5,76049315.0
80,46,174418.5,76225568.0
92,43,174418.5,76399986.5
63,37,348837.0,76399986.5
80,42,174418.5,76574405.0
92,48,174418.5,76748823.5
51,52,1046511.0,76748823.5
80,46,174418.5,76923242.0
92,40,174418.5,77097660.5
56,30,348837.0,77097660.5
80,42,174418.5,77272079.0
92,45,174418.5,77446497.5
63,33,348837.0,77446497.5
80,53,174418.5,77620916.0
92,51,174418.5,77795334.5
48,42,1046511.0,77795334.5
80,44,174418.5,77969753.0
92,38,174418.5,78144171.5
56,40,348837.0,78144171.5
80,52,174418.5,78318590.0
92,46,174418.5,78493008.5
63,43,348837.0,78493008.5
80,45,174418.5,78667427.0
94,56,174418.5,78841845.5
51,50,1062430.25,78841845.5
82,64,174418.5,79016264.0
94,64,174418.5,79190682.5
56,42,349751.5,79190682.5
82,50,175333.0,79365101.0
94,54,178447.0,79540434.0
63,46,363841.75,79540434.0
82,40,185394.75,79718881.0
87,46,188282.75,79904275.75
47,51,1066984.75,79904275.75
75,36,179193.5,80092558.5
87,41,176253.0,80271752.0
56,27,350671.5,80271752.0
75,43,174418.5,80448005.0
87,34,174418.5,80622423.5
59,25,348837.0,80622423.5
75,33,174418.5,80796842.0
87,48,174418.5,80971260.5
53,44,1046511.0,80971260.5
75,46,174418.5,81145679.0
87,37,174418.5,81320097.5
56,31,348837.0,81320097.5
75,42,174418.5,81494516.0
87,31,174418.5,81668934.5
59,29,348837.0,81668934.5
75,38,174418.5,81843353.0
87,38,174418.5,82017771.5
47,54,1046511.0,82017771.5
75,42,174418.5,82192190.0
87,34,174418.5,82366608.5
56,34,348837.0,82366608.5
75,46,174418.5,82541027.0
87,39,174418.5,82715445.5
59,36,348837.0,82715445.5
75,39,174418.5,82889864.0
89,29,174418.5,83064282.5
53,39,1062430.25,83064282.5
77,41,174418.5,83238701.0
89,55,174418.5,83413119.5
56,34,349751.5,83413119.5
77,57,175333.0,83587538.0
89,56,178447.0,83762871.0
59,41,363841.75,83762871.0
77,52,185394.75,83941318.0
90,53,188282.75,84126712.75
46,46,1066984.75,84126712.75
78,45,179193.5,84314995.5
90,41,176253.0,84494189.0
54,28,350671.5,84494189.0
78,39,174418.5,84670442.0
90,42,174418.5,84844860.5
58,36,348837.0,84844860.5
78,48,174418.5,85019279.0
90,53,174418.5,85193697.5
51,58,1046511.0,85193697.5
78,39,174418.5,85368116.0
90,39,174418.5,85542534.5
54,39,348837.0,85542534.5
78,48,174418.5,85716953.0
90,51,174418.5,85891371.5
58,39,348837.0,85891371.5
78,48,174418.5,86065790.0
90,55,174418.5,86240208.5
46,59,1046511.0,86240208.5
78,42,174418.5,86414627.0
90,64,174418.5,86589045.5
54,37,348837.0,86589045.5
78,48,174418.5,86763464.0
90,52,174418.5,86937882.5
58,46,348837.0,86937882.5
78,29,174418.5,87112301.0
95,59,174418.5,87286719.5
51,47,1062430.25,87286719.5
83,50,174418.5,87461138.0
95,71,174418.5,87635556.5
54,46,349751.5,87635556.5
83,65,175333.0,87809975.0
95,65,178447.0,87985308.0
58,53,363841.75,87985308.0
83,53,185394.75,88163755.0
94,64,188282.75,88349149.75
46,59,1069520.75,88349149.75
82,56,179193.5,88537432.5
94,41,176253.0,88716626.0
56,32,350926.25,88716626.0
82,42,174673.25,88892879.0
94,55,175308.75,89067552.25
58,37,351118.25,89067552.25
82,46,175809.5,89242861.0
94,57,176287.0,89418670.5
50,48,1063871.0,89418670.5
82,43,176728.25,89594957.5
94,47,177136.5,89771685.75
56,29,354662.25,89771685.75
82,38,177525.75,89948822.25
94,34,177907.0,90126348.0
58,30,356193.5,90126348.0
82,28,178286.5,90304255.0
94,50,179272.75,90482541.5
46,54,1100780.25,90482541.5
82,33,181051.75,90661814.25
94,35,182535.0,90842866.0
56,32,366651.25,90842866.0
82,37,184116.25,91025401.0
94,40,185866.25,91209517.25
58,32,373804.5,91209517.25
82,30,187938.25,91395383.5
94,39,190616.5,91583321.75
50,39,1332294.0,91583321.75
82,25,194384.75,91773938.25
94,27,199769.25,91968323.0
56,25,406621.0,91968323.0
82,18,206851.75,92168092.25
94,19,215275.0,92374944.0
58,11,540671.75,92374944.0
82,8,325396.75,92590219.0
78,42,3723961.25,92915615.75
90,59,3723961.25,92915615.75
51,48,1208994.25,92915615.75
58,24,210899.75,93153024.5
66,29,198940.25,93363924.25
58,40,192033.5,93562864.5
66,45,187022.75,93754898.0
58,39,182689.25,93941920.75
54,59,1077843.0,94124610.0
58,33,179640.5,94304250.5
66,42,179640.5,94483891.0
58,44,179640.5,94663531.5
66,45,179640.5,94843172.0
58,37,179640.5,95022812.5
51,59,1077843.0,95202453.0
58,28,179640.5,95382093.5
66,32,179640.5,95561734.0
58,48,179640.5,95741374.5
66,46,179640.5,95921015.0
58,62,179640.5,96100655.5
54,55,1104607.25,96280296.0
58,43,179640.5,96459936.5
77,56,363224.25,96639577.0
89,63,363224.25,96639577.0
66,50,180441.75,96639577.0
58,50,182782.5,96820018.75
75,71,382102.0,97002801.25
87,76,382102.0,97002801.25
66,54,186735.25,97002801.25
58,51,195366.75,97189536.5
68,54,3269064.25,97384903.25
80,73,3269064.25,97384903.25
49,44,1113378.25,97384903.25
56,38,188825.5,97584042.75
63,45,184521.5,97772868.25
56,42,181610.75,97957389.75
63,51,179640.5,98139000.5
56,44,179640.5,98318641.0
53,60,1077843.0,98498281.5
56,35,179640.5,98677922.0
63,44,179640.5,98857562.5
56,27,179640.5,99037203.0
63,53,179640.5,99216843.5
56,35,179640.5,99396484.0
49,65,1077843.0,99576124.5
56,33,179640.5,99755765.0
63,39,179640.5,99935405.5
56,40,179640.5,100115046.0
63,51,179640.5,100294686.5
56,33,179640.5,100474327.0
75,66,1098625.5,100653967.5
87,64,1098625.5,100653967.5
53,55,1098625.5,100653967.5
56,46,179640.5,100833608.0
63,45,179640.5,101013248.5
56,53,181107.75,101192889.0
63,44,185537.75,101373996.75
56,39,193058.5,101559534.5
78,57,3618093.75,101752593.0
90,68,3618093.75,101752593.0
48,54,1103126.75,101752593.0
56,40,185982.5,101948853.0
63,36,181962.75,102134835.5
56,50,179640.5,102316798.25
63,55,179640.5,102496438.75
56,44,179640.5,102676079.25
51,57,1077843.0,102855719.75
56,44,179640.5,103035360.25
63,43,179640.5,103215000.75
56,35,179640.5,103394641.25
63,49,179640.5,103574281.75
56,43,179640.5,103753922.25
48,57,1077843.0,103933562.75
56,21,179640.5,104113203.25
63,39,179640.5,104292843.75
56,43,179640.5,104472484.25
63,58,179640.5,104652124.75
56,54,179640.5,104831765.25
51,65,1098625.5,105011405.75
56,42,179640.5,105191046.25
77,63,360748.25,105370686.75
89,69,360748.25,105370686.75
63,51,179640.5,105370686.75
56,45,181107.75,105550327.25
75,52,378596.25,105731435.0
87,55,378596.25,105731435.0
63,48,185537.75,105731435.0
56,46,193058.5,105916972.75
68,63,3258812.75,106110031.25
80,69,3258812.75,106110031.25
47,46,1103126.75,106110031.25
56,29,185982.5,106306291.25
59,38,181962.75,106492273.75
56,41,179640.5,106674236.5
59,50,179640.5,106853877.0
56,38,179640.5,107033517.5
53,58,1077843.0,107213158.0
56,38,179640.5,107392798.5
59,44,179640.5,107572439.0
56,30,179640.5,107752079.5
59,33,179640.5,107931720.0
56,27,179640.5,108111360.5
47,58,1077843.0,108291001.0
56,27,179640.5,108470641.5
59,38,179640.5,108650282.0
56,32,179640.5,108829922.5
59,44,179640.5,109009563.0
56,34,179640.5,109189203.5
71,59,1143955.25,109368844.0
83,66,1143955.25,109368844.0
53,40,1143955.25,109368844.0
56,29,179640.5,109548484.5
59,31,179640.5,109728125.0
56,29,186984.75,109907765.5
59,29,203754.75,110094750.25
56,37,214294.25,110298505.0
70,60,3278823.5,110512799.25
82,59,3278823.5,110512799.25
46,33,1123137.5,110512799.25
54,34,190028.25,110723537.5
58,31,183449.5,110913565.75
54,27,179640.5,111097015.25
58,38,179640.5,111276655.75
54,30,179640.5,111456296.25
51,56,1077843.0,111635936.75
54,24,179640.5,111815577.25
58,31,179640.5,111995217.75
54,31,179640.5,112174858.25
58,34,179640.5,112354498.75
54,33,179640.5,112534139.25
46,58,1077843.0,112713779.75
54,31,179640.5,112893420.25
58,50,179640.5,113073060.75
54,43,179640.5,113252701.25
58,51,179640.5,113432341.75
54,39,179640.5,113611982.25
71,67,1143955.25,113791622.75
83,70,1143955.25,113791622.75
51,50,1143955.25,113791622.75
54,33,179640.5,113971263.25
58,46,179640.5,114150903.75
54,40,186984.75,114330544.25
58,49,203754.75,114517529.0
54,38,214294.25,114721283.75
70,64,4537559.25,114935578.0
82,73,4537559.25,114935578.0
46,55,1123137.5,114935578.0
56,31,190028.25,115146316.25
58,41,183449.5,115336344.5
56,37,179640.5,115519794.0
58,43,179640.5,115699434.5
56,26,179640.5,115879075.0
50,60,1077843.0,116058715.5
56,23,179640.5,116238356.0
58,48,179640.5,116417996.5
56,37,179640.5,116597637.0
58,34,179640.5,116777277.5
56,25,179640.5,116956918.0
46,59,1096794.0,117136558.5
56,25,181035.75,117316591.25
58,39,181921.75,117497627.0
56,29,182974.25,117679548.75
58,36,184369.5,117862523.0
56,27,186460.0,118046892.5
50,47,1445264.25,118233352.5
56,23,195644.25,118423260.0
58,29,204264.0,118618904.25
56,22,215532.5,118823168.25
58,31,228957.0,119038700.75
56,21,410959.0,119267657.75
70,68,256410.5,119678616.75
51,39,1209251.25,119678616.75
65,43,212766.0,119935027.25
58,28,212766.0,119935027.25
66,49,184049.0,120147793.25
63,24,184049.0,120147793.25
65,49,184049.0,120331842.25
58,33,184049.0,120331842.25
66,42,183857.25,120515891.25
63,39,183857.25,120515891.25
68,52,188119.5,120699748.5
58,35,188119.5,120699748.5
70,64,192879.0,120887868.0
54,46,1121752.25,120887868.0
65,43,185094.25,121080747.0
58,34,185094.25,121080747.0
66,58,182927.0,121265841.25
63,35,182927.0,121265841.25
65,59,182927.0,121448768.25
58,39,182927.0,121448768.25
66,46,184687.25,121631695.25
63,39,184687.25,121631695.25
68,52,193237.75,121816382.5
58,37,193237.75,121816382.5
70,51,199720.5,122009620.25
51,48,1117696.0,122009620.25
65,46,186267.5,122209340.75
58,36,186267.5,122209340.75
66,53,182927.0,122395608.25
63,45,182927.0,122395608.25
65,47,182927.0,122578535.25
58,40,182927.0,122578535.25
66,38,182927.0,122761462.25
63,43,182927.0,122761462.25
68,56,182927.0,122944389.25
58,37,182927.0,122944389.25
70,60,182927.0,123127316.25
54,55,1109633.0,123127316.25
65,45,182927.0,123310243.25
58,37,182927.0,123310243.25
66,53,182927.0,123493170.25
63,42,182927.0,123493170.25
75,76,182927.0,123676097.25
58,39,182927.0,123676097.25
65,62,184687.25,123859024.25
63,47,184687.25,123859024.25
66,52,193237.75,124043711.5
58,39,193237.75,124043711.5
75,69,199720.5,124236949.25
49,40,1117696.0,124236949.25
65,36,186267.5,124436669.75
56,33,186267.5,124436669.75
68,56,182927.0,124622937.25
63,35,182927.0,124622937.25
65,55,182927.0,124805864.25
56,41,182927.0,124805864.25
68,52,182927.0,124988791.25
63,42,182927.0,124988791.25
73,55,182927.0,125171718.25
56,31,182927.0,125171718.25
75,74,182927.0,125354645.25
53,58,1109633.0,125354645.25
65,40,182927.0,125537572.25
56,46,182927.0,125537572.25
68,53,182927.0,125720499.25
63,44,182927.0,125720499.25
65,54,182927.0,125903426.25
56,41,182927.0,125903426.25
68,54,184687.25,126086353.25
63,40,184687.25,126086353.25
73,50,193237.75,126271040.5
56,38,193237.75,126271040.5
75,74,199720.5,126464278.25
49,60,1117696.0,126464278.25
65,37,186267.5,126663998.75
56,48,186267.5,126663998.75
68,56,182927.0,126850266.25
63,52,182927.0,126850266.25
65,52,182927.0,127033193.25
56,49,182927.0,127033193.25
68,52,182927.0,127216120.25
63,49,182927.0,127216120.25
73,51,182927.0,127399047.25
56,42,182927.0,127399047.25
75,59,182927.0,127581974.25
53,55,1109633.0,127581974.25
65,44,182927.0,127764901.25
56,49,182927.0,127764901.25
68,59,182927.0,127947828.25
63,49,182927.0,127947828.25
65,62,182927.0,128130755.25
56,48,182927.0,128130755.25
68,57,184687.25,128313682.25
63,53,184687.25,128313682.25
73,49,193237.75,128498369.5
56,34,193237.75,128498369.5
77,68,199720.5,128691607.25
48,58,1117696.0,128691607.25
68,36,186267.5,128891327.75
56,38,186267.5,128891327.75
72,51,182927.0,129077595.25
63,42,182927.0,129077595.25
68,54,182927.0,129260522.25
56,43,182927.0,129260522.25
72,53,182927.0,129443449.25
63,44,182927.0,129443449.25
73,53,182927.0,129626376.25
56,28,182927.0,129626376.25
75,64,182927.0,129809303.25
51,53,1109633.0,129809303.25
68,42,182927.0,129992230.25
56,34,182927.0,129992230.25
72,56,182927.0,130175157.25
63,40,182927.0,130175157.25
68,57,182927.0,130358084.25
56,41,182927.0,130358084.25
72,56,184687.25,130541011.25
63,44,184687.25,130541011.25
73,66,193237.75,130725698.5
56,39,193237.75,130725698.5
77,65,199720.5,130918936.25
48,55,1117696.0,130918936.25
68,52,186267.5,131118656.75
56,35,186267.5,131118656.75
72,56,182927.0,131304924.25
63,45,182927.0,131304924.25
68,50,182927.0,131487851.25
56,42,182927.0,131487851.25
72,62,182927.0,131670778.25
63,36,182927.0,131670778.25
73,58,182927.0,131853705.25
56,33,182927.0,131853705.25
75,77,182927.0,132036632.25
51,60,1118916.0,132036632.25
68,53,182927.0,132219559.25
56,40,182927.0,132219559.25
72,61,182927.0,132402486.25
63,60,182927.0,132402486.25
68,61,184147.5,132585413.25
56,47,184147.5,132585413.25
72,59,188080.75,132769560.75
63,43,188080.75,132769560.75
73,56,197906.75,132957641.5
56,41,197906.75,132957641.5
77,65,203595.0,133155548.25
47,34,1126816.75,133155548.25
68,52,189148.25,133359143.25
56,37,189148.25,133359143.25
70,55,185292.5,133548291.5
59,39,185292.5,133548291.5
68,49,182927.0,133733584.0
56,35,182927.0,133733584.0
70,54,182927.0,133916511.0
59,41,182927.0,133916511.0
71,41,182927.0,134099438.0
56,35,182927.0,134099438.0
75,73,182927.0,134282365.0
53,52,1109633.0,134282365.0
68,46,182927.0,134465292.0
56,32,182927.0,134465292.0
70,59,182927.0,134648219.0
59,44,182927.0,134648219.0
68,64,182927.0,134831146.0
56,37,182927.0,134831146.0
70,54,184687.25,135014073.0
59,45,184687.25,135014073.0
71,48,193237.75,135198760.25
56,36,193237.75,135198760.25
77,60,199720.5,135391998.0
47,57,1117696.0,135391998.0
68,40,186267.5,135591718.5
56,37,186267.5,135591718.5
70,54,182927.0,135777986.0
59,42,182927.0,135777986.0
68,48,182927.0,135960913.0
56,35,182927.0,135960913.0
70,55,182927.0,136143840.0
59,46,182927.0,136143840.0
71,43,182927.0,136326767.0
56,38,182927.0,136326767.0
75,74,182927.0,136509694.0
53,54,1109633.0,136509694.0
68,39,182927.0,136692621.0
56,37,182927.0,136692621.0
70,62,182927.0,136875548.0
59,40,182927.0,136875548.0
68,64,182927.0,137058475.0
56,42,182927.0,137058475.0
70,59,184687.25,137241402.0
59,42,184687.25,137241402.0
71,55,193237.75,137426089.25
56,27,193237.75,137426089.25
77,61,199720.5,137619327.0
46,48,1117696.0,137619327.0
66,53,186267.5,137819047.5
54,37,186267.5,137819047.5
68,48,182927.0,138005315.0
58,35,182927.0,138005315.0
66,42,182927.0,138188242.0
54,35,182927.0,138188242.0
68,52,182927.0,138371169.0
58,38,182927.0,138371169.0
70,52,182927.0,138554096.0
54,38,182927.0,138554096.0
75,69,182927.0,138737023.0
51,55,1109633.0,138737023.0
66,42,182927.0,138919950.0
54,34,182927.0,138919950.0
68,62,182927.0,139102877.0
58,53,182927.0,139102877.0
66,60,182927.0,139285804.0
54,38,182927.0,139285804.0
68,60,184687.25,139468731.0
58,42,184687.25,139468731.0
70,55,193237.75,139653418.25
54,35,193237.75,139653418.25
77,70,199720.5,139846656.0
46,58,1117696.0,139846656.0
66,50,186267.5,140046376.5
54,37,186267.5,140046376.5
68,59,182927.0,140232644.0
58,43,182927.0,140232644.0
66,53,182927.0,140415571.0
54,40,182927.0,140415571.0
68,54,182927.0,140598498.0
58,41,182927.0,140598498.0
70,47,182927.0,140781425.0
54,34,182927.0,140781425.0
75,65,182927.0,140964352.0
51,60,1109633.0,140964352.0
66,57,182927.0,141147279.0
54,34,182927.0,141147279.0
68,60,182927.0,141330206.0
58,44,182927.0,141330206.0
66,55,182927.0,141513133.0
54,42,182927.0,141513133.0
68,53,184687.25,141696060.0
58,45,184687.25,141696060.0
70,54,193237.75,141880747.25
54,31,193237.75,141880747.25
75,72,199720.5,142073985.0
46,64,1129767.0,142073985.0
65,45,186267.5,142273705.5
56,32,186267.5,142273705.5
66,46,182927.0,142459973.0
58,35,182927.0,142459973.0
65,62,182927.0,142642900.0
56,42,182927.0,142642900.0
66,50,184687.25,142825827.0
58,45,184687.25,142825827.0
68,57,193237.75,143010514.25
56,33,193237.75,143010514.25
75,75,199720.5,143203752.0
50,54,1133079.724999994,143203752.0
65,51,186267.5,143403472.5
56,33,186267.5,143403472.5
66,63,182927.0,143589740.0
58,55,182927.0,143589740.0
65,74,182927.0,143772667.0
56,40,182927.0,143772667.0
66,58,184904.5,143955594.0
58,50,184904.5,143955594.0
68,63,192861.0,144140498.5
56,32,192861.0,144140498.5
74,70,202023.5,144333359.5
46,59,1168351.625,144333359.5
65,52,192227.0,144535383.0
56,30,192227.0,144535383.0
66,58,189873.5,144727610.0
58,34,189873.5,144727610.0
65,63,189873.5,144917483.5
56,33,189873.5,144917483.5
66,49,191777.25,145107357.0
58,38,191777.25,145107357.0
68,56,198979.75,145299134.25
56,23,198979.75,145299134.25
74,65,213078.0,145498114.0
50,58,1834753.824999988,145498114.0
65,55,208321.75,145711192.0
56,33,208321.75,145711192.0
66,49,217067.75,145919513.75
58,36,217067.75,145919513.75
65,52,246748.0,146136581.5
56,31,246748.0,146136581.5
66,53,283900.25,146383329.5
58,36,283900.25,146383329.5
68,57,661290.25,146667229.75
56,31,661290.25,146667229.75
70,63,3112688.5,147328520.0
82,73,3112688.5,147328520.0
51,54,1222036.9833333194,147328520.0
58,21,214272.5,147574067.75
66,35,200467.5,147788340.25
58,44,190583.75,147988807.75
66,42,184049.0,148179391.5
58,36,184049.0,148363440.5
54,57,1127773.875,148547489.5
58,38,184049.0,148731538.5
66,47,184049.0,148915587.5
58,34,184049.0,149099636.5
66,53,187450.5,149283685.5
58,50,200530.25,149471136.0
51,52,1140707.7333333194,149671666.25
58,36,191642.75,149878600.25
66,40,186916.5,150070243.0
58,46,184049.0,150257159.5
71,65,368098.0,150441208.5
83,74,368098.0,150441208.5
66,45,184049.0,150441208.5
58,39,184049.0,150625257.5
70,66,926926.5,150809306.5
82,71,926926.5,150809306.5
54,49,1131053.875,150809306.5
58,31,184049.0,150993355.5
66,40,184049.0,151177404.5
58,44,185278.75,151361453.5
66,49,189500.75,151546732.25
66,55,200530.25,151736233.0
78,67,200530.25,151736233.0
58,45,200530.25,151736233.0
65,59,3553713.0,151936763.25
77,57,3553713.0,151936763.25
49,30,1140707.7333333194,151936763.25
56,37,191642.75,152143697.25
63,43,186916.5,152335340.0
56,37,184049.0,152522256.5
63,53,184049.0,152706305.5
56,39,184049.0,152890354.5
53,53,1107361.4833333194,153074403.5
56,34,184049.0,153258452.5
63,44,184049.0,153442501.5
56,28,184049.0,153626550.5
63,51,184049.0,153810599.5
56,46,184049.0,153994648.5
49,62,1117445.6083333194,154178697.5
56,32,184049.0,154362746.5
63,43,184049.0,154546795.5
56,42,184049.0,154730844.5
63,53,185380.0,154914893.5
56,46,192468.25,155100273.5
53,58,1123930.2333333194,155292741.75
75,68,923128.25,155490476.25
87,70,923128.25,155490476.25
56,47,186932.25,155490476.25
63,39,184049.0,155677408.5
56,46,184049.0,155861457.5
63,45,184049.0,156045506.5
56,32,184049.0,156229555.5
68,47,3523250.0,156413604.5
80,56,3523250.0,156413604.5
48,40,1117445.6083333194,156413604.5
56,32,184049.0,156597653.5
63,36,184049.0,156781702.5
56,39,184049.0,156965751.5
63,53,185380.0,157149800.5
56,38,192468.25,157335180.5
51,56,1123930.2333333194,157527648.75
56,36,186932.25,157725383.25
63,41,184049.0,157912315.5
56,35,184049.0,158096364.5
63,47,184049.0,158280413.5
56,31,184049.0,158464462.5
48,55,1107361.4833333194,158648511.5
56,30,184049.0,158832560.5
63,45,184049.0,159016609.5
56,42,184049.0,159200658.5
63,60,184049.0,159384707.5
56,43,184049.0,159568756.5
51,54,1131053.875,159752805.5
70,68,943407.75,159936854.5
82,66,943407.75,159936854.5
56,32,184049.0,159936854.5
63,34,184049.0,160120903.5
56,43,185278.75,160304952.5
63,48,189500.75,160490231.25
56,40,200530.25,160679732.0
63,56,3553713.0,160880262.25
75,75,3553713.0,160880262.25
47,48,1140707.7333333194,160880262.25
56,26,191642.75,161087196.25
59,33,186916.5,161278839.0
56,39,184049.0,161465755.5
59,47,184049.0,161649804.5
56,33,184049.0,161833853.5
53,53,1107361.4833333194,162017902.5
56,29,184049.0,162201951.5
59,39,184049.0,162386000.5
56,46,184049.0,162570049.5
59,46,184049.0,162754098.5
56,27,184049.0,162938147.5
47,54,1117445.6083333194,163122196.5
56,19,184049.0,163306245.5
59,41,184049.0,163490294.5
56,33,184049.0,163674343.5
59,38,185380.0,163858392.5
56,39,192468.25,164043772.5
53,45,1147622.625,164236240.75
65,53,946291.0,164433975.25
77,57,946291.0,164433975.25
56,45,186932.25,164433975.25
59,34,184049.0,164620907.5
56,29,185278.75,164804956.5
59,26,189500.75,164990235.25
56,23,200530.25,165179736.0
46,39,1140201.4375,165377705.0625
66,44,3530277.25,165380266.25
78,52,3530277.25,165380266.25
54,22,191642.75,165587200.25
58,30,186916.5,165778843.0
54,34,184049.0,165965759.5
58,39,184049.0,166149808.5
54,35,184049.0,166333857.5
51,49,1104294.0,166517906.5
54,31,184049.0,166701955.5
58,35,184049.0,166886004.5
54,37,184049.0,167070053.5
58,33,184049.0,167254102.5
54,37,184049.0,167438151.5
46,56,1104294.0,167622200.5
54,30,184049.0,167806249.5
58,46,184049.0,167990298.5
54,43,184049.0,168174347.5
58,60,184049.0,168358396.5
54,36,184049.0,168542445.5
51,54,1127456.75,168726494.5
71,65,943407.75,168910543.5
83,68,943407.75,168910543.5
54,40,184049.0,168910543.5
58,46,184049.0,169094592.5
54,36,185278.75,169278641.5
58,56,189500.75,169463920.25
54,36,200530.25,169653421.0
70,67,4387575.0,169853951.25
82,73,4387575.0,169853951.25
46,52,1137640.25,169853951.25
56,20,191642.75,170060885.25
58,27,186916.5,170252528.0
56,45,184049.0,170439444.5
58,41,184049.0,170623493.5
56,44,184049.0,170807542.5
50,56,1114044.25,170991591.5
56,28,184049.0,171175640.5
58,50,184049.0,171359689.5
56,39,184049.0,171543738.5
58,52,185380.0,171727787.5
56,38,192468.25,171913167.5
46,55,1120862.75,172105635.75
56,27,186932.25,172303370.25
58,46,184049.0,172490302.5
56,29,184049.0,172674351.5
58,36,184049.0,172858400.5
56,30,184049.0,173042449.5
50,43,1271438.25,173226498.5
56,31,192089.5,173412751.5
58,25,198015.5,173604841.0
56,20,208234.25,173802856.5
58,22,230435.5,174011090.75
56,17,256410.5,174241526.25
82,64,194303.25,174497936.75
51,49,1102731.25,174497936.75
70,31,187241.75,174692240.0
58,31,187241.75,174692240.0
82,52,183175.75,174879481.75
66,37,183175.75,174879481.75
70,47,180680.25,175062657.5
58,36,180680.25,175062657.5
82,65,179180.0,175243337.75
66,40,179180.0,175243337.75
70,50,178150.25,175422517.75
58,39,178150.25,175422517.75
82,63,177332.25,175600668.0
54,60,1062307.0,175600668.0
70,36,176611.5,175778000.25
58,41,176611.5,175778000.25
82,55,175934.75,175954611.75
66,40,175934.75,175954611.75
70,63,175884.0,176130546.5
58,39,175884.0,176130546.5
82,58,177141.5,176306430.5
66,46,177141.5,176306430.5
70,66,179403.0,176483572.0
58,53,179403.0,176483572.0
82,60,182319.25,176662975.0
51,71,1076516.25,176662975.0
70,52,180820.0,176845294.25
58,34,180820.0,176845294.25
82,71,179685.75,177026114.25
66,57,179685.75,177026114.25
70,59,178668.25,177205800.0
58,42,178668.25,177205800.0
83,61,177834.25,177384468.25
66,47,177834.25,177384468.25
71,62,177188.75,177562302.5
58,40,177188.75,177562302.5
82,73,176665.75,177739491.25
54,52,1062724.5,177739491.25
70,51,176201.75,177916157.0
58,39,176201.75,177916157.0
82,59,175762.25,178092358.75
66,42,175762.25,178092358.75
70,60,175837.75,178268121.0
58,44,175837.75,178268121.0
78,60,177178.0,178443958.75
66,42,177178.0,178443958.75
66,46,181079.0,178621136.75
58,41,181079.0,178621136.75
77,64,187210.5,178802215.75
49,37,1101368.75,178802215.75
65,50,186417.0,178989426.25
56,44,186417.0,178989426.25
77,60,185434.0,179175843.25
63,44,185434.0,179175843.25
65,66,183627.0,179361277.25
56,35,183627.0,179361277.25
77,65,180895.5,179544904.25
63,46,180895.5,179544904.25
65,57,177784.75,179725799.75
56,40,177784.75,179725799.75
77,62,175438.5,179903584.5
53,56,1052631.0,179903584.5
65,61,175438.5,180079023.0
56,40,175438.5,180079023.0
77,57,175438.5,180254461.5
63,47,175438.5,180254461.5
65,68,175438.5,180429900.0
56,33,175438.5,180429900.0
77,59,175438.5,180605338.5
63,42,175438.5,180605338.5
65,49,175438.5,180780777.0
56,47,175438.5,180780777.0
77,64,175438.5,180956215.5
49,59,1052631.0,180956215.5
65,53,175438.5,181131654.0
56,46,175438.5,181131654.0
77,66,175438.5,181307092.5
63,56,175438.5,181307092.5
65,70,175438.5,181482531.0
56,52,175438.5,181482531.0
77,70,175438.5,181657969.5
63,63,175438.5,181657969.5
65,59,175438.5,181833408.0
56,56,175438.5,181833408.0
87,66,175438.5,182008846.5
53,56,1068742.0,182008846.5
75,55,175438.5,182184285.0
56,39,175438.5,182184285.0
87,64,175438.5,182359723.5
63,58,175438.5,182359723.5
75,67,176363.75,182535162.0
56,44,176363.75,182535162.0
87,68,179514.75,182711525.75
63,53,179514.75,182711525.75
75,51,186548.0,182891040.5
56,38,186548.0,182891040.5
80,55,189472.5,183077588.5
48,35,1073352.75,183077588.5
68,61,180270.25,183267061.0
56,43,180270.25,183267061.0
80,69,177294.5,183447331.25
63,58,177294.5,183447331.25
68,53,175438.5,183624625.75
56,34,175438.5,183624625.75
80,49,175438.5,183800064.25
63,45,175438.5,183800064.25
68,42,175438.5,183975502.75
56,40,175438.5,183975502.75
80,64,175438.5,184150941.25
51,59,1068742.0,184150941.25
68,47,175438.5,184326379.75
56,40,175438.5,184326379.75
80,50,175438.5,184501818.25
63,42,175438.5,184501818.25
68,46,176363.75,184677256.75
56,43,176363.75,184677256.75
80,46,179514.75,184853620.5
63,47,179514.75,184853620.5
68,53,186548.0,185033135.25
56,39,186548.0,185033135.25
80,62,189472.5,185219683.25
48,57,1073352.75,185219683.25
68,43,180270.25,185409155.75
56,35,180270.25,185409155.75
80,56,177294.5,185589426.0
63,47,177294.5,185589426.0
68,59,175438.5,185766720.5
56,43,175438.5,185766720.5
80,64,175438.5,185942159.0
63,53,175438.5,185942159.0
68,52,175438.5,186117597.5
56,38,175438.5,186117597.5
82,57,175438.5,186293036.0
51,60,1063983.75,186293036.0
70,46,175438.5,186468474.5
56,41,175438.5,186468474.5
82,59,175438.5,186643913.0
63,60,175438.5,186643913.0
70,58,176134.0,186819351.5
56,44,176134.0,186819351.5
82,55,178395.25,186995485.5
63,59,178395.25,186995485.5
70,38,183139.0,187173880.75
56,45,183139.0,187173880.75
75,56,186698.75,187357019.75
47,41,1074959.75,187357019.75
63,39,182022.75,187543718.5
56,32,182022.75,187543718.5
75,50,179112.5,187725741.25
59,37,179112.5,187725741.25
63,39,177127.25,187904853.75
56,31,177127.25,187904853.75
75,40,175649.75,188081981.0
59,39,175649.75,188081981.0
63,34,174348.75,188257630.75
56,36,174348.75,188257630.75
75,63,173620.75,188431979.5
53,45,1047534.25,188431979.5
63,39,174141.75,188605600.25
56,38,174141.75,188605600.25
75,56,174531.75,188779742.0
59,46,174531.75,188779742.0
63,61,174852.5,188954273.75
56,33,174852.5,188954273.75
75,64,175093.0,189129126.25
59,50,175093.0,189129126.25
63,48,175294.5,189304219.25
56,32,175294.5,189304219.25
75,63,175438.5,189479513.75
47,57,1052631.0,189479513.75
63,47,175438.5,189654952.25
56,31,175438.5,189654952.25
75,70,175438.5,189830390.75
59,51,175438.5,189830390.75
63,65,175438.5,190005829.25
56,41,175438.5,190005829.25
75,67,175438.5,190181267.75
59,53,175438.5,190181267.75
63,61,175438.5,190356706.25
56,38,175438.5,190356706.25
77,63,175438.5,190532144.75
53,54,1068742.0,190532144.75
65,56,175438.5,190707583.25
56,43,175438.5,190707583.25
77,68,175438.5,190883021.75
59,44,175438.5,190883021.75
65,63,176363.75,191058460.25
56,38,176363.75,191058460.25
77,60,179514.75,191234824.0
59,38,179514.75,191234824.0
65,59,186548.0,191414338.75
56,39,186548.0,191414338.75
78,56,189472.5,191600886.75
46,38,1070292.75,191600886.75
66,34,180270.25,191790359.25
54,36,180270.25,191790359.25
78,48,177294.5,191970629.5
58,34,177294.5,191970629.5
66,37,174418.5,192147924.0
54,28,174418.5,192147924.0
78,48,174418.5,192322342.5
58,31,174418.5,192322342.5
66,40,174418.5,192496761.0
54,28,174418.5,192496761.0
78,70,174418.5,192671179.5
51,56,1046511.0,192671179.5
66,43,174418.5,192845598.0
54,29,174418.5,192845598.0
78,58,174418.5,193020016.5
58,43,174418.5,193020016.5
66,56,174418.5,193194435.0
54,37,174418.5,193194435.0
78,50,174418.5,193368853.5
58,41,174418.5,193368853.5
66,42,174418.5,193543272.0
54,37,174418.5,193543272.0
78,54,174418.5,193717690.5
46,64,1046511.0,193717690.5
66,41,174418.5,193892109.0
54,37,174418.5,193892109.0
78,53,174418.5,194066527.5
58,46,174418.5,194066527.5
66,47,174418.5,194240946.0
54,38,174418.5,194240946.0
78,54,174418.5,194415364.5
58,48,174418.5,194415364.5
66,40,174418.5,194589783.0
54,34,174418.5,194589783.0
83,58,174418.5,194764201.5
51,54,1065682.0,194764201.5
71,59,174418.5,194938620.0
54,37,174418.5,194938620.0
83,74,174418.5,195113038.5
58,54,174418.5,195113038.5
71,71,176363.75,195287457.0
54,42,176363.75,195287457.0
83,59,179514.75,195463820.75
58,42,179514.75,195463820.75
71,60,186548.0,195643335.5
54,43,186548.0,195643335.5
82,66,189472.5,195829883.5
46,62,1073352.75,195829883.5
70,43,180270.25,196019356.0
56,36,180270.25,196019356.0
82,67,177294.5,196199626.25
58,30,177294.5,196199626.25
70,63,175438.5,196376920.75
56,39,175438.5,196376920.75
82,58,175438.5,196552359.25
58,42,175438.5,196552359.25
70,47,175438.5,196727797.75
56,31,175438.5,196727797.75
82,52,175438.5,196903236.25
50,58,1052631.0,196903236.25
70,49,175438.5,197078674.75
56,38,175438.5,197078674.75
82,58,175438.5,197254113.25
58,52,175438.5,197254113.25
70,57,175438.5,197429551.75
56,43,175438.5,197429551.75
82,54,175438.5,197604990.25
58,43,175438.5,197604990.25
70,43,175438.5,197780428.75
56,29,175438.5,197780428.75
82,65,177521.0,197955867.25
46,56,1142737.5,197955867.25
70,52,182871.0,198133388.25
56,38,182871.0,198133388.25
82,56,187477.75,198316259.25
58,52,187477.75,198316259.25
70,42,192448.5,198503737.0
56,43,192448.5,198503737.0
82,48,197981.25,198696185.5
58,43,197981.25,198696185.5
70,36,204438.0,198894166.75
56,29,204438.0,198894166.75
82,48,212397.25,199098604.75
50,39,2043985.75,199098604.75
70,23,222504.5,199311002.0
56,27,222504.5,199311002.0
82,34,235110.75,199533506.5
58,30,235110.75,199533506.5
70,29,250236.0,199768617.25
56,16,250236.0,199768617.25
82,28,267942.0,200018853.25
58,20,267942.0,200018853.25
70,13,855795.25,200286795.25
56,13,855795.25,200286795.25
51,54,1191433.5,201142590.5
58,30,286647.0,201575679.5
66,29,286647.0,201575679.5
58,39,377358.0,201956666.0
66,41,377358.0,201956666.0
83,54,188679.0,202145345.0
82,71,945085.75,202334024.0
54,54,1141193.0,202334024.0
58,41,283018.5,202711382.0
66,40,283018.5,202711382.0
58,39,386477.0,203088740.0
66,40,386477.0,203088740.0
78,51,196107.25,203279109.75
77,68,3240801.5,203475217.0
49,31,1144143.75,203475217.0
56,22,283018.5,203864644.75
63,29,283018.5,203864644.75
56,32,377358.0,204242002.75
63,32,377358.0,204242002.75
53,47,1141193.0,204619360.75
56,28,283018.5,204996718.75
63,27,283018.5,204996718.75
56,32,386477.0,205374076.75
63,34,386477.0,205374076.75
48,54,1144143.75,205760553.75
56,36,283018.5,206149981.5
63,32,283018.5,206149981.5
56,36,377358.0,206527339.5
63,41,377358.0,206527339.5
87,59,188679.0,206716018.5
80,72,945085.75,206904697.5
51,58,1141193.0,206904697.5
56,37,283018.5,207282055.5
63,35,283018.5,207282055.5
56,39,386477.0,207659413.5
63,42,386477.0,207659413.5
82,55,196107.25,207849783.25
75,74,2089229.5,208045890.5
47,54,1144143.75,208045890.5
56,25,283018.5,208435318.25
59,20,283018.5,208435318.25
56,24,377358.0,208812676.25
59,36,377358.0,208812676.25
53,46,1141193.0,209190034.25
56,12,283018.5,209567392.25
59,11,283018.5,209567392.25
56,21,386477.0,209944750.25
59,13,386477.0,209944750.25
77,39,196107.25,210135120.0
78,57,2111231.5,210331227.25
46,36,1153759.75,210331227.25
54,21,286624.5,210720655.0
58,24,286624.5,210720655.0
54,27,382166.0,211102821.0
58,27,382166.0,211102821.0
51,39,1158510.25,211484987.0
54,22,286624.5,211867153.0
58,21,286624.5,211867153.0
54,14,394178.25,212249319.0
58,12,394178.25,212249319.0
83,33,201038.5,212442458.75
82,44,2402588.25,212643497.25
46,41,1159574.0,212643497.25
56,16,290322.75,213028877.25
58,9,290322.75,213028877.25
56,14,387097.0,213415974.25
58,9,387097.0,213415974.25
50,19,1243014.25,213803071.25
56,13,304218.75,214198455.25
58,11,304218.75,214198455.25
56,12,441370.75,214604714.75
58,4,441370.75,214604714.75
51,39,1179532.75,215046085.5
58,12,290915.25,215453934.25
66,5,290915.25,215453934.25
58,22,384615.0,215841003.25
66,20,384615.0,215841003.25
83,31,192307.5,216033310.75
82,36,192307.5,216225618.25
54,38,1158337.75,216225618.25
83,55,192307.5,216417925.75
82,57,577663.75,216610233.25
58,36,288461.25,216610233.25
66,32,288461.25,216610233.25
58,40,389107.75,216994848.25
66,34,389107.75,216994848.25
78,43,196059.0,217187897.0
77,61,198320.75,217383956.0
49,46,1161146.75,217383956.0
78,43,193596.0,217582276.75
77,53,1937369.0,217775872.75
56,18,288461.25,217775872.75
63,32,288461.25,217775872.75
56,27,384615.0,218160487.75
63,26,384615.0,218160487.75
53,42,1168139.0,218545102.75
56,27,288461.25,218929717.75
63,30,288461.25,218929717.75
56,31,398034.75,219315207.0
63,32,398034.75,219315207.0
48,47,1171232.0,219713241.75
56,15,288461.25,220115243.75
63,20,288461.25,220115243.75
56,22,384615.0,220499858.75
63,29,384615.0,220499858.75
87,45,192307.5,220692166.25
80,52,192307.5,220884473.75
51,42,1153845.0,220884473.75
87,58,192307.5,221076781.25
80,49,576922.5,221269088.75
56,25,288461.25,221269088.75
63,31,288461.25,221269088.75
56,28,384615.0,221653703.75
63,34,384615.0,221653703.75
82,38,192307.5,221846011.25
75,47,192307.5,222038318.75
47,33,1153845.0,222038318.75
82,39,192307.5,222230626.25
75,46,1735190.25,222422933.75
56,22,288461.25,222422933.75
59,17,288461.25,222422933.75
56,14,384615.0,222807548.75
59,14,384615.0,222807548.75
53,30,1168139.0,223192163.75
56,11,288461.25,223576778.75
59,12,288461.25,223576778.75
56,9,398034.75,223962268.0
59,6,398034.75,223962268.0
77,23,202178.75,224158124.0
78,33,206587.0,224360302.75
46,23,1197744.5,224360302.75
80,40,195415.0,224566889.75
78,47,1802455.0,224762304.75
54,17,295873.75,224762304.75
58,13,295873.75,224762304.75
54,19,400439.75,225157607.5
58,23,400439.75,225157607.5
51,41,1208055.0,225558047.25
54,18,302013.75,225960732.25
58,14,302013.75,225960732.25
54,16,402685.0,226363417.25
58,6,402685.0,226363417.25
80,35,201342.5,226564759.75
81,55,1337450.0,226766102.25
46,36,1337450.0,226766102.25
56,17,328467.0,227204058.25
58,12,328467.0,227204058.25
56,12,461538.0,227642014.25
58,9,461538.0,227642014.25
82,51,1683753.0,228103552.25
50,27,1683753.0,228103552.25
56,8,405405.75,228587423.25
58,9,405405.75,228587423.25
56,6,659341.0,229127964.25
58,2,659341.0,229127964.25
75,38,5142858.0,229787305.25
87,39,5142858.0,229787305.25
51,22,5142858.0,229787305.25
